RHx0;RHx1;RHx2;RHx3;RHx4;RHx5;RHx6;RHx7;RHx8;RHx9;RHx10;RHx11;RHx12;RHx13;RHx14;RHx15;RHx16;RHx17;RHx18;RHx19;RHx20;LHx0;LHx1;LHx2;LHx3;LHx4;LHx5;LHx6;LHx7;LHx8;LHx9;LHx10;LHx11;LHx12;LHx13;LHx14;LHx15;LHx16;LHx17;LHx18;LHx19;LHx20;Px0;Px1;Px2;Px3;Px4;Px5;Px6;Px7;Px8;Px9;Px10;Px11;Px12;Px13;Px14;Px15;Px16;Px17;Px18;Px19;Px20;Px21;Px22;Px23;Px24;Px25;Px26;Px27;Px28;Px29;Px30;Px31;Px32
0.9006446003913879;0.8526891469955444;0.8368853330612183;0.9092248678207397;0.9068102836608887;0.820442795753479;0.8320789337158203;0.8606079816818237;0.9000556468963623;0.8064200282096863;0.814966082572937;0.8245054483413696;0.8407210111618042;0.8202882409095764;0.8106949329376221;0.8235592842102051;0.8657436370849609;0.823357105255127;0.8250553011894226;0.8480348587036133;0.8790806531906128;1.2417049407958984;1.2817163467407227;1.2644376754760742;1.3643414974212646;1.5426011085510254;1.1431909799575806;1.092395544052124;1.1443463563919067;1.3503830432891846;1.067247986793518;1.0496258735656738;1.1814470291137695;1.3995492458343506;1.1376590728759766;1.0995835065841675;1.1271123886108398;1.4094443321228027;1.2329604625701904;1.2117524147033691;1.18639075756073;1.3255300521850586;1.1142871379852295;1.0431430339813232;1.0841618776321411;1.047574758529663;1.035705327987671;1.0410118103027344;1.0635278224945068;1.0142316818237305;1.054139494895935;1.08108651638031;1.0976533889770508;1.0820519924163818;1.0646841526031494;1.0155956745147705;1.1879558563232422;0.9774801731109619;1.246942162513733;0.9798017144203186;1.2045129537582397;1.0037052631378174;1.1851791143417358;0.9881660342216492;1.1946485042572021;0.9019413590431213;0.8711780309677124;0.7855404615402222;0.786224365234375;0.6470239162445068;0.6859613656997681;0.65008544921875;0.6763084530830383;0.6486440896987915;0.6639900803565979
